[{"content":"","chapter":"node js introduction","video":"","reference":"","topic":"introduction","id":"0"},{"content":"","chapter":"node js introduction","video":"","reference":"","topic":"introduction","id":"0"},{"content":"","chapter":"node js introduction","video":"","reference":"","topic":"aca","id":"0"},{"content":"","chapter":"node js introduction","video":"","reference":"","topic":"introduction","id":"0"},{"content":"","chapter":"node js introduction","video":"","reference":"","topic":"callback","id":"0"}]